,Title,Date
2,Forrest Gump,2021-12-26
27,Lost in Space,2021-12-19
29,Luther,2021-12-19
32,Lost in Space,2021-12-18
33,Lost in Space,2021-12-18
34,Lost in Space,2021-12-18
35,Lost in Space,2021-12-18
36,Lost in Space,2021-12-18
37,Lost in Space,2021-12-18
38,Lost in Space,2021-12-18
39,Lost in Space,2021-12-18
40,Lost in Space,2021-12-18
41,Lost in Space,2021-12-18
42,Lost in Space,2021-12-18
43,Lost in Space,2021-12-18
44,Lost in Space,2021-12-18
45,Lost in Space,2021-12-18
46,Lost in Space,2021-12-18
47,Lost in Space,2021-12-18
57,Grease,2021-12-13
58,Lost in Space,2021-12-12
59,Lost in Space,2021-12-12
60,Lost in Space,2021-12-11
61,Lost in Space,2021-12-11
62,Lost in Space,2021-12-11
117,The Harder They Fall,2021-11-15
122,Animal,2021-11-11
301,The Protector,2021-09-26
367,The Sum of All Fears,2021-09-04
455,Happy Gilmore,2021-08-07
600,Basic Instinct,2021-06-06
625,Night Hunter,2021-06-01
660,Scarface,2021-05-20
748,Inferno,2021-04-10
788,American Psycho,2021-03-28
823,The One,2021-03-18
824,The One,2021-03-18
825,The One,2021-03-18
826,The One,2021-03-18
827,The One,2021-03-17
828,The One,2021-03-17
829,The One,2021-03-17
830,The One,2021-03-17
878,Wimbledon,2021-02-28
972,Into the Night,2021-01-27
1011,Robin Hood,2021-01-16
1012,Robin Hood,2021-01-16
1014,Wild Wild West,2021-01-16
1021,Focus,2021-01-12
1054,The Saint,2020-12-18
1055,The Saint,2020-12-18
1076,Venom,2020-12-12
1110,Ocean's Twelve,2020-12-03
1139,The Outsider,2020-11-27
1140,Ocean's Eleven,2020-11-27
1141,Ocean's Eleven,2020-11-27
1209,House of Cards,2020-11-03
1210,House of Cards,2020-11-03
1211,House of Cards,2020-11-01
1212,House of Cards,2020-11-01
1213,House of Cards,2020-11-01
1214,House of Cards,2020-11-01
1215,House of Cards,2020-10-29
1218,House of Cards,2020-10-28
1219,House of Cards,2020-10-28
1224,House of Cards,2020-10-13
1226,House of Cards,2020-10-08
1227,House of Cards,2020-10-08
1229,House of Cards,2020-10-06
1233,House of Cards,2020-09-27
1239,The Gift,2020-09-24
1240,The Gift,2020-09-24
1241,The Gift,2020-09-23
1242,House of Cards,2020-09-22
1245,House of Cards,2020-09-20
1246,House of Cards,2020-09-20
1247,House of Cards,2020-09-19
1248,House of Cards,2020-09-19
1287,Rita,2020-08-30
1307,Rita,2020-08-24
1322,Rita,2020-08-22
1323,Rita,2020-08-22
1324,Rita,2020-08-22
1325,Rita,2020-08-22
1326,Rita,2020-08-22
1328,Rita,2020-08-22
1329,Rita,2020-08-22
1334,Rita,2020-08-20
1422,Cursed,2020-07-22
1423,Cursed,2020-07-22
1424,Cursed,2020-07-22
1425,Cursed,2020-07-21
1426,Cursed,2020-07-21
1427,Cursed,2020-07-21
1430,Cursed,2020-07-21
1433,Cursed,2020-07-20
1438,Cursed,2020-07-19
1439,Cursed,2020-07-19
1541,Daybreak,2020-05-26
1571,Rita,2020-05-17
1595,Into the Night,2020-05-03
1596,Into the Night,2020-05-03
1598,Into the Night,2020-05-03
1599,Into the Night,2020-05-03
1600,Into the Night,2020-05-03
1606,Dracula,2020-04-28
1607,Dracula,2020-04-28
1608,Dracula,2020-04-28
1622,Dracula,2020-04-25
1623,Dracula,2020-04-25
1624,Dracula,2020-04-25
1645,Coach Carter,2020-04-16
1680,Gotham,2020-04-07
1685,Jurassic Park III,2020-04-06
1686,Jurassic Park,2020-04-06
1706,The Lost World: Jurassic Park,2020-04-01
1709,Once Upon a Time,2020-03-31
1710,Once Upon a Time,2020-03-31
1722,Spirited Away,2020-03-29
1729,Secret Window,2020-03-24
1742,Big Fish,2020-03-21
1759,Deep Water,2020-03-14
1760,Deep Water,2020-03-14
1761,Deep Water,2020-03-14
1776,Lovesick,2020-03-12
1782,The Protector,2020-03-10
1842,The Women,2020-02-26
1845,Grand Hotel,2020-02-25
1848,Rita,2020-02-24
2004,The Gift,2020-01-06
2006,The Gift,2020-01-06
2008,The Gift,2020-01-06
2011,The Gift,2020-01-06
2013,The Gift,2020-01-06
2014,The Gift,2020-01-06
2015,The Gift,2020-01-06
2016,The Gift,2020-01-06
2021,Once Upon a Time,2020-01-04
2022,Once Upon a Time,2020-01-04
2023,Once Upon a Time,2020-01-04
2024,Once Upon a Time,2020-01-04
2025,Once Upon a Time,2020-01-04
2026,Once Upon a Time,2020-01-04
2027,Once Upon a Time,2020-01-04
2028,Once Upon a Time,2020-01-04
2029,Once Upon a Time,2020-01-04
2030,Once Upon a Time,2020-01-04
2032,Once Upon a Time,2020-01-03
2033,Once Upon a Time,2020-01-03
2034,Once Upon a Time,2020-01-03
2035,Once Upon a Time,2020-01-03
2036,Once Upon a Time,2020-01-03
2037,Once Upon a Time,2020-01-03
2160,Grand Hotel,2019-12-11
2161,Aloha,2019-12-11
